title,link,snippet,source,search_timestamp,price,address,latitude,longitude,label,confidence,explanation,development_score
"42 Lindbergh Ave, Newton, MA 02465",https://www.zillow.com/homedetails/42-Lindbergh-Ave-Newton-MA-02465/56308309_zpid/,"ATTENTON DEVEOPERS & CONTRACTORS this property is a prime opportunity for those seeking a teardown project. the home sits on an 8,276-square ...",zillow,2025-10-24 16:41:03,,"42 Lindbergh Ave, Newton, MA 02465",42.3530061,-71.2267139,development,0.95,"The property is explicitly described as a 'prime opportunity for those seeking a teardown project', indicating a strong development potential. The mention of 'developers & contractors' suggests it is targeted at those looking for a significant project, and the size of the lot (8,276 square feet) further supports the likelihood of a good development opportunity.",47.5
"253 Nahanton St, Newton, MA 02459",https://www.zillow.com/homedetails/253-Nahanton-St-Newton-MA-02459/56323741_zpid/,"253 Nahanton St, Newton, MA 02459 is an apartment unit listed for rent at $9000 /mo. The 4700 Square Feet unit is a 5 beds, 5 baths apartment unit.",zillow,2025-10-24 16:41:03,9000.0,"253 Nahanton St, Newton, MA 02459",42.3002915,-71.1992017,no,0.1,"The listing describes an apartment unit for rent rather than a property for sale, and there are no indicators of development potential such as keywords related to teardown or significant work needed.",0.0
"371 Cherry St, Newton, MA 02465 | MLS #73437218",https://www.zillow.com/homedetails/371-Cherry-St-Newton-MA-02465/56308230_zpid/,"Rare WEST NEWTON opportunity for BUILDERS, INVESTORS, or OWNER-OCCUPIERS seeking FLEXIBILITY. Set on an 8,810 SF lot in MR1 zoning, this property offers ...",zillow,2025-10-24 16:41:03,,"371 Cherry St, Newton, MA 02465",42.3517945,-71.2297122,potential,0.7,"The property is located on a sizable 8,810 SF lot in MR1 zoning, which suggests potential for development. However, more information is needed regarding the current building's condition and the specific development possibilities under the zoning regulations.",21.0
"99 Hancock St, Newton, MA 02466",https://www.zillow.com/homedetails/99-Hancock-St-Newton-MA-02466/56310715_zpid/,"99 Hancock St, Newton, MA 02466 is a single-family home listed for rent at $5900 /mo. The 2500 Square Feet home is a 4 beds, 3 baths single-family home.",zillow,2025-10-24 16:41:03,5900.0,"99 Hancock St, Newton, MA 02466",42.3431734,-71.2510759,no,0.2,"The property is a single-family home listed for rent, and there are no indicators of being a teardown or development opportunity. The listing does not mention any need for significant work or redevelopment potential.",0.0
"299 Mill St, Newton, MA 02460",https://www.zillow.com/homedetails/299-Mill-St-Newton-MA-02460/56305598_zpid/,"299 Mill St, Newton, MA 02460 is a single-family home listed for rent at $6800 /mo. The 2300 Square Feet home is a 4 beds, 3 baths single-family home.",zillow,2025-10-24 16:41:03,6800.0,"299 Mill St, Newton, MA 02460",42.3432108,-71.2055362,no,0.2,"The property is a single-family home listed for rent, and there are no indicators of it being a teardown or development opportunity. The listing does not mention any need for significant work or a large lot relative to the building size.",0.0
"48 Woodward St, Newton, MA 02461",https://www.zillow.com/homedetails/48-Woodward-St-Newton-MA-02461/56535776_zpid/,"48 Woodward St, Newton, MA 02461 is a single-family home listed for rent at $9950 /mo. The 4237 Square Feet home is a 5 beds, 5 baths single-family home.",zillow,2025-10-24 16:41:03,9950.0,"48 Woodward St, Newton, MA 02461",42.3197484,-71.2142086,no,0.2,"The property is a single-family home listed for rent, and there are no indicators such as 'tear down', 'builder special', or significant work needed. The listing does not suggest a development opportunity.",0.0
"11 Rockland Pl, Newton, MA 02464",https://www.zillow.com/homedetails/11-Rockland-Pl-Newton-MA-02464/56311914_zpid/,"11 Rockland Pl, Newton, MA 02464 is a single-family home listed for rent at $4950 /mo. The 1816 Square Feet home is a 4 beds, 3 baths single-family home.",zillow,2025-10-24 16:41:03,4950.0,"11 Rockland Pl, Newton, MA 02464",42.3169804,-71.2223923,no,0.2,"The property is a single-family home listed for rent, with no indicators of being a teardown or development opportunity. It does not mention needing significant work or being on a large lot, and the price suggests it is being marketed as a rental rather than a development project.",0.0
"Newton Centre, MA homes for sale & real estate",https://www.redfin.com/neighborhood/186129/MA/Newton/Newton-Centre,"An unbelievable opportunity to develop single family homes in Newton Centre! One single family home on Lot 2 and one s. $1,250,000. — beds— baths— sq ft. Lot 3 ...",redfin,2025-10-24 16:41:03,1250000.0,"Newton Centre, MA homes for sale & real estate",,,development,0.9,"The snippet mentions an 'unbelievable opportunity to develop single family homes', indicating a strong potential for development. The presence of multiple lots suggests a significant opportunity for new construction.",45.0
"66 Forest Ave, West Newton, MA 02465",https://www.zillow.com/homedetails/66-Forest-Ave-West-Newton-MA-02465/456067420_zpid/,"66 Forest Ave, West Newton, MA 02465 is a single-family home listed for rent at $30000 /mo. The 8700 Square Feet home is a 6 beds, ...",zillow,2025-10-24 16:41:03,30000.0,"66 Forest Ave, West Newton, MA 02465",42.3468035,-71.2162542,no,0.2,"The property is listed for rent and does not indicate any keywords related to development or teardown opportunities. Additionally, the description does not mention significant work needed or a large lot relative to the building size.",0.0
"48 River Ave, Newton, MA 02464",https://www.zillow.com/homedetails/48-River-Ave-Newton-MA-02464/56312456_zpid/,"48 River Ave, Newton, MA 02464 is a single-family home listed for rent at $4900 /mo. The -- sqft home is a 3 beds, 2 baths single-family home.",zillow,2025-10-24 16:41:03,4900.0,"48 River Ave, Newton, MA 02464",42.3116833,-71.2264709,no,0.1,The property is listed for rent and does not indicate any development potential or need for significant work. There are no keywords suggesting a teardown or development opportunity.,0.0
"Homes for Sale in Newton, MA with a Large Lot",https://www.realtor.com/realestateandhomes-search/Newton_MA/with_biglot,"See 10 homes for sale with a large lot in Newton, MA. Explore real estate listings and find your dream home.",realtor,2025-10-24 16:41:04,,"Homes for Sale in Newton, MA with a Large Lot",,,no,0.2,"The snippet does not provide specific details about the properties, such as their age, condition, or lot-to-building ratios. Without indicators of development potential, it is classified as not a development opportunity.",0.0
"Large Yard - Newton, MA Homes for Sale",https://www.redfin.com/city/11619/MA/Newton/amenity/large+yard,"There are currently 3 homes for sale matching large yard in Newton at a median listing price of $1.71M. ... Some of these homes are ""Hot Homes,"" meaning they're ...",redfin,2025-10-24 16:41:04,1.0,"Large Yard - Newton, MA Homes for Sale",,,no,0.2,"The snippet does not provide specific details about the properties, such as age, lot size, or condition. The mention of 'large yard' alone is insufficient to classify it as a development opportunity without further context.",0.0
"Newton, MA Land & Lots for Sale",https://www.realtor.com/realestateandhomes-search/Newton_MA/type-land,"Browse 13 land & lots for sale in Newton, MA. View photos, listing details, and find your ideal property.",realtor,2025-10-24 16:41:04,,"Newton, MA Land & Lots for Sale",,,potential,0.6,"The listing indicates there are land and lots for sale, which could imply development opportunities. However, without specific details about the size, zoning, or condition of the properties, further investigation is needed to determine their viability as development sites.",18.0
"Homes for Sale in Newtonville, Newton with a Large Lot",https://www.realtor.com/realestateandhomes-search/Newtonville_Newton_MA/with_biglot,"Homes for sale in Newtonville, Newton, MA have a median listing home price of $2,348,500. There are 1 active homes for sale in Newtonville, Newton, MA, which ...",realtor,2025-10-24 16:41:04,2348500.0,"Homes for Sale in Newtonville, Newton with a Large Lot",,,no,0.2,The snippet does not provide specific indicators of a development opportunity such as keywords related to teardown or significant work needed. It only mentions the median listing price without details on the lot size or building condition.,0.0
"New Construction Homes for Sale in Newton, MA",https://www.realtor.com/realestateandhomes-search/Newton_MA/shw-nc,"New construction homes for sale in Newton, MA have a median listing home price of $1,649,000. There are 79 new construction homes for sale in Newton, MA, which ...",realtor,2025-10-24 16:41:04,1649000.0,"New Construction Homes for Sale in Newton, MA",,,no,0.9,"The property listing refers to new construction homes, indicating that these are already developed properties rather than opportunities for teardown or redevelopment.",0.0
"Fixer Upper Homes for Sale in Newton, MA",https://www.realtor.com/realestateandhomes-search/Newton_MA/with_fixerupper,"See 1 fixer upper homes for sale in Newton, MA. Explore real estate listings and find your dream home.",realtor,2025-10-24 16:41:04,,"Fixer Upper Homes for Sale in Newton, MA",,,potential,0.6,"The property is described as a 'fixer upper', which indicates it may need significant work. However, without specific details about the lot size, building age, or location desirability, further investigation is needed to determine if it represents a strong development opportunity.",18.0
"Homes for Sale in West Newton, MA with a Large Lot",https://www.realtor.com/realestateandhomes-search/West-Newton_MA/with_biglot,"Homes for sale in West Newton, MA with a large lot ; View properties in neighborhood Newton. Newton. $583 · $1,680,000 · See 17 matching homes ; View properties in ...",realtor,2025-10-24 16:41:04,583.0,"Homes for Sale in West Newton, MA with a Large Lot",,,no,0.2,"The snippet does not provide specific indicators of a development opportunity such as keywords related to teardown or significant work needed. The price mentioned seems unusually low for a property in West Newton, MA, which raises questions but lacks sufficient context to classify it as a development opportunity.",0.0
"55+ Community Homes for Sale in Newton, MA",https://www.realtor.com/realestateandhomes-search/Newton_MA/show-55-plus,"View retirement community homes for sale in Newton, MA. Find comfortable homes designed for senior living on Realtor.com®.",realtor,2025-10-24 16:41:04,,"55+ Community Homes for Sale in Newton, MA",,,no,0.9,"The property is part of a 55+ community, which typically indicates established homes designed for senior living rather than development or teardown opportunities. There are no indicators suggesting significant redevelopment potential.",0.0
"Homes for Sale in Newton, MA with a Swimming Pool",https://www.realtor.com/realestateandhomes-search/Newton_MA/with_swimmingpool,"See 7 homes for sale with a swimming pool in Newton, MA. Explore real estate listings and find your dream home.",realtor,2025-10-24 16:41:04,,"Homes for Sale in Newton, MA with a Swimming Pool",,,no,0.9,"The snippet does not indicate any development or teardown opportunities. It focuses on homes with swimming pools, which suggests they are likely in good condition and intended for residential use rather than redevelopment.",0.0
"Single Story Homes for Sale in Newton, MA",https://www.realtor.com/realestateandhomes-search/Newton_MA/with_singlestory,"View 42 single story homes for sale in Newton, MA. View photos, listing details, and find your dream home.",realtor,2025-10-24 16:41:04,,"Single Story Homes for Sale in Newton, MA",,,no,0.9,"The snippet does not provide any indicators of a teardown or development opportunity. It focuses on single-story homes for sale, which suggests they are likely intended for residential use rather than development.",0.0
Newton MA Real Estate & Homes For Sale,https://www.zillow.com/newton-ma/,"Zillow has 236 homes for sale in Newton MA. View listing photos, review sales history, and use our detailed real estate filters to find the perfect place.",zillow,2025-10-24 16:41:05,,Newton MA Real Estate & Homes For Sale,,,no,0.0,"The provided snippet does not contain any specific information about a property that indicates it is a development opportunity. It lacks keywords or details about the condition, size, or potential of any specific property.",0.0
New Construction Homes in Newton MA,https://www.zillow.com/newton-ma/new-homes/,"Discover new construction homes or master planned communities in Newton MA. Check out floor plans, pictures and videos for these new homes, and then get in ...",zillow,2025-10-24 16:41:05,,New Construction Homes in Newton MA,,,no,0.9,"The property listing refers to new construction homes, which typically do not represent teardown or development opportunities. There are no indicators of old buildings or significant renovation needs.",0.0
"New homes for sale & real estate in Newton, MA",https://www.redfin.com/city/11619/MA/Newton/new-homes,"New Home for sale in Newton, MA: Welcome to 180 Hunnewell Ave, a luxury new construction development in Newton Corner by one of Newton's premier developers.",redfin,2025-10-24 16:41:05,,"New homes for sale & real estate in Newton, MA",,,no,0.9,"The property is a luxury new construction development, indicating it is not a teardown or redevelopment opportunity but rather a completed project.",0.0
"Land for Sale in Newton, MA",https://www.redfin.com/city/11619/MA/Newton/land,"An unbelievable opportunity to develop single family homes in Newton Centre! One single family home on Lot 2 and one s. $1,250,000. — beds— baths— sq ft. Lot 3 ...",redfin,2025-10-24 16:41:05,1250000.0,"Land for Sale in Newton, MA",,,development,0.9,"The property is described as an opportunity to develop single family homes, indicating a strong potential for development. The mention of multiple lots suggests a favorable lot-to-building ratio, making it a solid development opportunity.",45.0
Newton MA Condos & Apartments For Sale - 57 Listings,https://www.zillow.com/newton-ma/condos/,View photos of the 57 condos and apartments listed for sale in Newton MA. Find the perfect building to live in by filtering to your preferences.,zillow,2025-10-24 16:41:05,,Newton MA Condos & Apartments For Sale - 57 Listings,,,no,0.9,"The listing is for condos and apartments, which typically indicates existing residential developments rather than opportunities for teardown or new development. There are no keywords or indicators suggesting a development opportunity.",0.0
West Newton Newton Real Estate & Homes For Sale,https://www.zillow.com/west-newton-newton-ma/,"Zillow has 24 homes for sale in West Newton Newton. View listing photos, review sales history, and use our detailed real estate filters to find the perfect ...",zillow,2025-10-24 16:41:05,,West Newton Newton Real Estate & Homes For Sale,,,no,0.0,"The provided snippet does not contain any specific information about a property that indicates it is a development opportunity. It lacks keywords or details about the condition, size, or potential of the properties listed.",0.0
"Townhouses for Sale in Newton, MA",https://www.redfin.com/city/11619/MA/Newton/townhouses,"Townhouse for sale in Newton, MA: Welcome to 180 Hunnewell Ave, a luxury new construction development in Newton Corner by one of Newton's premier developers.",redfin,2025-10-24 16:41:05,,"Townhouses for Sale in Newton, MA",,,no,0.9,"The property is a luxury new construction development, indicating it is already developed and not a teardown or redevelopment opportunity.",0.0
"New homes for sale & real estate in Nonantum, MA",https://www.redfin.com/neighborhood/65620/MA/Newton/Nonantum/new-homes,"Find new real estate, new homes for sale, & new construction in Nonantum, Newton, MA. Tour newly built houses & make offers with the help of Redfin real ...",redfin,2025-10-24 16:41:05,,"New homes for sale & real estate in Nonantum, MA",,,no,0.9,"The snippet refers to new homes and new construction, indicating that the properties are likely already developed and not suitable for teardown or redevelopment opportunities.",0.0
"Newton Highlands, MA homes for sale & real estate",https://www.redfin.com/neighborhood/186073/MA/Newton/Newton-Highlands,Desirable Newton Highlands townhome that lives like a single-family. ... A rare chance to be a part of the development of one of Newton's premier locations.,redfin,2025-10-24 16:41:05,,"Newton Highlands, MA homes for sale & real estate",,,potential,0.6,"The snippet mentions a 'rare chance to be a part of the development' in a desirable area, indicating some level of opportunity. However, it does not provide specific indicators such as keywords related to teardown or significant work needed, so further investigation is necessary.",18.0
