title,link,snippet,source,search_timestamp,price,address
"42 Lindbergh Ave, Newton, MA 02465",https://www.zillow.com/homedetails/42-Lindbergh-Ave-Newton-MA-02465/56308309_zpid/,"ATTENTON DEVEOPERS & CONTRACTORS this property is a prime opportunity for those seeking a teardown project. the home sits on an 8,276-square ...",zillow,2025-10-24 16:41:03,,"42 Lindbergh Ave, Newton, MA 02465"
"253 Nahanton St, Newton, MA 02459",https://www.zillow.com/homedetails/253-Nahanton-St-Newton-MA-02459/56323741_zpid/,"253 Nahanton St, Newton, MA 02459 is an apartment unit listed for rent at $9000 /mo. The 4700 Square Feet unit is a 5 beds, 5 baths apartment unit.",zillow,2025-10-24 16:41:03,9000.0,"253 Nahanton St, Newton, MA 02459"
"371 Cherry St, Newton, MA 02465 | MLS #73437218",https://www.zillow.com/homedetails/371-Cherry-St-Newton-MA-02465/56308230_zpid/,"Rare WEST NEWTON opportunity for BUILDERS, INVESTORS, or OWNER-OCCUPIERS seeking FLEXIBILITY. Set on an 8,810 SF lot in MR1 zoning, this property offers ...",zillow,2025-10-24 16:41:03,,"371 Cherry St, Newton, MA 02465"
"99 Hancock St, Newton, MA 02466",https://www.zillow.com/homedetails/99-Hancock-St-Newton-MA-02466/56310715_zpid/,"99 Hancock St, Newton, MA 02466 is a single-family home listed for rent at $5900 /mo. The 2500 Square Feet home is a 4 beds, 3 baths single-family home.",zillow,2025-10-24 16:41:03,5900.0,"99 Hancock St, Newton, MA 02466"
"299 Mill St, Newton, MA 02460",https://www.zillow.com/homedetails/299-Mill-St-Newton-MA-02460/56305598_zpid/,"299 Mill St, Newton, MA 02460 is a single-family home listed for rent at $6800 /mo. The 2300 Square Feet home is a 4 beds, 3 baths single-family home.",zillow,2025-10-24 16:41:03,6800.0,"299 Mill St, Newton, MA 02460"
"48 Woodward St, Newton, MA 02461",https://www.zillow.com/homedetails/48-Woodward-St-Newton-MA-02461/56535776_zpid/,"48 Woodward St, Newton, MA 02461 is a single-family home listed for rent at $9950 /mo. The 4237 Square Feet home is a 5 beds, 5 baths single-family home.",zillow,2025-10-24 16:41:03,9950.0,"48 Woodward St, Newton, MA 02461"
"11 Rockland Pl, Newton, MA 02464",https://www.zillow.com/homedetails/11-Rockland-Pl-Newton-MA-02464/56311914_zpid/,"11 Rockland Pl, Newton, MA 02464 is a single-family home listed for rent at $4950 /mo. The 1816 Square Feet home is a 4 beds, 3 baths single-family home.",zillow,2025-10-24 16:41:03,4950.0,"11 Rockland Pl, Newton, MA 02464"
"Newton Centre, MA homes for sale & real estate",https://www.redfin.com/neighborhood/186129/MA/Newton/Newton-Centre,"An unbelievable opportunity to develop single family homes in Newton Centre! One single family home on Lot 2 and one s. $1,250,000. — beds— baths— sq ft. Lot 3 ...",redfin,2025-10-24 16:41:03,1250000.0,"Newton Centre, MA homes for sale & real estate"
"66 Forest Ave, West Newton, MA 02465",https://www.zillow.com/homedetails/66-Forest-Ave-West-Newton-MA-02465/456067420_zpid/,"66 Forest Ave, West Newton, MA 02465 is a single-family home listed for rent at $30000 /mo. The 8700 Square Feet home is a 6 beds, ...",zillow,2025-10-24 16:41:03,30000.0,"66 Forest Ave, West Newton, MA 02465"
"48 River Ave, Newton, MA 02464",https://www.zillow.com/homedetails/48-River-Ave-Newton-MA-02464/56312456_zpid/,"48 River Ave, Newton, MA 02464 is a single-family home listed for rent at $4900 /mo. The -- sqft home is a 3 beds, 2 baths single-family home.",zillow,2025-10-24 16:41:03,4900.0,"48 River Ave, Newton, MA 02464"
"Homes for Sale in Newton, MA with a Large Lot",https://www.realtor.com/realestateandhomes-search/Newton_MA/with_biglot,"See 10 homes for sale with a large lot in Newton, MA. Explore real estate listings and find your dream home.",realtor,2025-10-24 16:41:04,,"Homes for Sale in Newton, MA with a Large Lot"
"Large Yard - Newton, MA Homes for Sale",https://www.redfin.com/city/11619/MA/Newton/amenity/large+yard,"There are currently 3 homes for sale matching large yard in Newton at a median listing price of $1.71M. ... Some of these homes are ""Hot Homes,"" meaning they're ...",redfin,2025-10-24 16:41:04,1.0,"Large Yard - Newton, MA Homes for Sale"
"Newton, MA Land & Lots for Sale",https://www.realtor.com/realestateandhomes-search/Newton_MA/type-land,"Browse 13 land & lots for sale in Newton, MA. View photos, listing details, and find your ideal property.",realtor,2025-10-24 16:41:04,,"Newton, MA Land & Lots for Sale"
"Homes for Sale in Newtonville, Newton with a Large Lot",https://www.realtor.com/realestateandhomes-search/Newtonville_Newton_MA/with_biglot,"Homes for sale in Newtonville, Newton, MA have a median listing home price of $2,348,500. There are 1 active homes for sale in Newtonville, Newton, MA, which ...",realtor,2025-10-24 16:41:04,2348500.0,"Homes for Sale in Newtonville, Newton with a Large Lot"
"New Construction Homes for Sale in Newton, MA",https://www.realtor.com/realestateandhomes-search/Newton_MA/shw-nc,"New construction homes for sale in Newton, MA have a median listing home price of $1,649,000. There are 79 new construction homes for sale in Newton, MA, which ...",realtor,2025-10-24 16:41:04,1649000.0,"New Construction Homes for Sale in Newton, MA"
"Fixer Upper Homes for Sale in Newton, MA",https://www.realtor.com/realestateandhomes-search/Newton_MA/with_fixerupper,"See 1 fixer upper homes for sale in Newton, MA. Explore real estate listings and find your dream home.",realtor,2025-10-24 16:41:04,,"Fixer Upper Homes for Sale in Newton, MA"
"Homes for Sale in West Newton, MA with a Large Lot",https://www.realtor.com/realestateandhomes-search/West-Newton_MA/with_biglot,"Homes for sale in West Newton, MA with a large lot ; View properties in neighborhood Newton. Newton. $583 · $1,680,000 · See 17 matching homes ; View properties in ...",realtor,2025-10-24 16:41:04,583.0,"Homes for Sale in West Newton, MA with a Large Lot"
"55+ Community Homes for Sale in Newton, MA",https://www.realtor.com/realestateandhomes-search/Newton_MA/show-55-plus,"View retirement community homes for sale in Newton, MA. Find comfortable homes designed for senior living on Realtor.com®.",realtor,2025-10-24 16:41:04,,"55+ Community Homes for Sale in Newton, MA"
"Homes for Sale in Newton, MA with a Swimming Pool",https://www.realtor.com/realestateandhomes-search/Newton_MA/with_swimmingpool,"See 7 homes for sale with a swimming pool in Newton, MA. Explore real estate listings and find your dream home.",realtor,2025-10-24 16:41:04,,"Homes for Sale in Newton, MA with a Swimming Pool"
"Single Story Homes for Sale in Newton, MA",https://www.realtor.com/realestateandhomes-search/Newton_MA/with_singlestory,"View 42 single story homes for sale in Newton, MA. View photos, listing details, and find your dream home.",realtor,2025-10-24 16:41:04,,"Single Story Homes for Sale in Newton, MA"
Newton MA Real Estate & Homes For Sale,https://www.zillow.com/newton-ma/,"Zillow has 236 homes for sale in Newton MA. View listing photos, review sales history, and use our detailed real estate filters to find the perfect place.",zillow,2025-10-24 16:41:05,,Newton MA Real Estate & Homes For Sale
New Construction Homes in Newton MA,https://www.zillow.com/newton-ma/new-homes/,"Discover new construction homes or master planned communities in Newton MA. Check out floor plans, pictures and videos for these new homes, and then get in ...",zillow,2025-10-24 16:41:05,,New Construction Homes in Newton MA
"New homes for sale & real estate in Newton, MA",https://www.redfin.com/city/11619/MA/Newton/new-homes,"New Home for sale in Newton, MA: Welcome to 180 Hunnewell Ave, a luxury new construction development in Newton Corner by one of Newton's premier developers.",redfin,2025-10-24 16:41:05,,"New homes for sale & real estate in Newton, MA"
"Land for Sale in Newton, MA",https://www.redfin.com/city/11619/MA/Newton/land,"An unbelievable opportunity to develop single family homes in Newton Centre! One single family home on Lot 2 and one s. $1,250,000. — beds— baths— sq ft. Lot 3 ...",redfin,2025-10-24 16:41:05,1250000.0,"Land for Sale in Newton, MA"
Newton MA Condos & Apartments For Sale - 57 Listings,https://www.zillow.com/newton-ma/condos/,View photos of the 57 condos and apartments listed for sale in Newton MA. Find the perfect building to live in by filtering to your preferences.,zillow,2025-10-24 16:41:05,,Newton MA Condos & Apartments For Sale - 57 Listings
West Newton Newton Real Estate & Homes For Sale,https://www.zillow.com/west-newton-newton-ma/,"Zillow has 24 homes for sale in West Newton Newton. View listing photos, review sales history, and use our detailed real estate filters to find the perfect ...",zillow,2025-10-24 16:41:05,,West Newton Newton Real Estate & Homes For Sale
"Townhouses for Sale in Newton, MA",https://www.redfin.com/city/11619/MA/Newton/townhouses,"Townhouse for sale in Newton, MA: Welcome to 180 Hunnewell Ave, a luxury new construction development in Newton Corner by one of Newton's premier developers.",redfin,2025-10-24 16:41:05,,"Townhouses for Sale in Newton, MA"
"New homes for sale & real estate in Nonantum, MA",https://www.redfin.com/neighborhood/65620/MA/Newton/Nonantum/new-homes,"Find new real estate, new homes for sale, & new construction in Nonantum, Newton, MA. Tour newly built houses & make offers with the help of Redfin real ...",redfin,2025-10-24 16:41:05,,"New homes for sale & real estate in Nonantum, MA"
"Newton Highlands, MA homes for sale & real estate",https://www.redfin.com/neighborhood/186073/MA/Newton/Newton-Highlands,Desirable Newton Highlands townhome that lives like a single-family. ... A rare chance to be a part of the development of one of Newton's premier locations.,redfin,2025-10-24 16:41:05,,"Newton Highlands, MA homes for sale & real estate"
